ID,Date,Time
person_222,2025-12-10,08:18:31
person_221,2025-12-10,08:18:33
person_222,2025-12-10,08:18:41
person_221,2025-12-10,08:18:47
person_222,2025-12-10,08:18:53
person_222,2025-12-10,08:53:27
person_221,2025-12-10,08:53:31
person_221,2025-12-10,08:58:38
person_222,2025-12-10,08:58:39
person_222,2025-12-10,08:58:49
person_221,2025-12-10,08:58:50
person_222,2025-12-10,09:26:04
person_221,2025-12-10,09:26:06
person_222,2025-12-10,09:26:17
person_221,2025-12-10,09:26:17
person_222,2025-12-10,09:26:32
person_221,2025-12-10,09:26:32
person_222,2025-12-10,09:26:42
person_221,2025-12-10,09:26:55
person_222,2025-12-10,09:26:56
person_221,2025-12-10,09:27:06
person_222,2025-12-10,09:27:07
person_221,2025-12-10,09:27:25
person_222,2025-12-10,09:27:26
person_221,2025-12-10,09:27:35
person_222,2025-12-10,09:27:38
person_221,2025-12-10,09:27:45
person_222,2025-12-10,09:27:49
person_221,2025-12-10,09:27:59
person_222,2025-12-10,09:28:04
person_221,2025-12-10,09:28:10
person_222,2025-12-10,09:28:17
person_221,2025-12-10,09:28:20
person_222,2025-12-10,09:28:30
person_221,2025-12-10,09:28:32
person_221,2025-12-10,09:28:43
person_221,2025-12-10,09:28:53
person_221,2025-12-10,09:29:03
person_222,2025-12-10,09:29:05
person_222,2025-12-10,09:29:15
person_221,2025-12-10,09:29:23
person_222,2025-12-10,09:33:10
person_221,2025-12-10,09:33:20
person_222,2025-12-10,10:58:49
person_221,2025-12-10,10:58:50
person_221,2025-12-10,11:24:26
person_221,2025-12-10,11:48:24
person_221,2025-12-10,12:13:50
person_222,2025-12-10,12:13:55
person_221,2025-12-10,12:14:01
person_221,2025-12-10,12:14:11
person_221,2025-12-12,10:24:10
person_222,2025-12-12,10:24:10
person_222,2025-12-12,10:24:21
person_221,2025-12-12,10:24:22
person_222,2025-12-12,10:24:55
person_221,2025-12-12,10:24:56
person_222,2025-12-12,10:25:05
person_221,2025-12-12,10:25:08
person_222,Course1,2025-12-12,11:22:27,63.19
person_221,Course1,2025-12-12,11:22:27,65.17
person_222,Course1,2025-12-12,11:22:32,67.79
person_221,Course1,2025-12-12,11:22:33,62.84
person_222,Course1,2025-12-12,11:22:37,65.04
person_221,Course1,2025-12-12,11:22:39,63.84
