Name,Date,Time
person_222,2025-12-13,12:11:19,Prof. Training In Mobile App Programming,1
person_222,2025-12-13,12:11:19,Prof. Training In Mobile App Programming,1
person_222,2025-12-13,12:11:20,Prof. Training In Mobile App Programming,1
person_221,2025-12-13,12:11:20,Prof. Training In Mobile App Programming,1
person_221,2025-12-13,12:11:21,Prof. Training In Mobile App Programming,1
person_221,2025-12-13,12:11:21,Prof. Training In Mobile App Programming,1
person_221,2025-12-13,12:11:22,Prof. Training In Mobile App Programming,1
person_221,2025-12-13,12:11:22,Prof. Training In Mobile App Programming,1
person_221,2025-12-13,12:11:22,Prof. Training In Mobile App Programming,1
person_221,2025-12-13,12:11:23,Prof. Training In Mobile App Programming,1
person_221,2025-12-13,12:11:23,Prof. Training In Mobile App Programming,1
person_221,2025-12-13,12:11:24,Prof. Training In Mobile App Programming,1
person_221,2025-12-13,12:11:24,Prof. Training In Mobile App Programming,1
